customer_id,Customer_Name,Phone_Number,,,,,,
C0001,Chirag Varma,6510030040,,,,,,
C0002,Zoya Bhavsar,9606358235,,,,,,
C0003,Samar Char,6778421118,,,,,,
C0004,Jayant Bhakta,9238785510,,,,,,
C0005,Vaibhav Ramachandran,6494623072,,,,,,
C0006,Samiha Krishnamurthy,8851595081,,,,,,
C0007,Dhruv Sagar,6335774656,,,,,,
C0008,Tanya Wali,9172471482,,,,,,
C0009,Samar Buch,8771222479,,,,,,
C0010,Dhruv Dua,8748415176,,,,,,
C0011,Myra Dewan,9708083846,,,,,,
C0012,Diya Butala,6666409587,,,,,,
C0013,Siya Mallick,6126603480,,,,,,
C0014,Kavya Dhingra,6509700866,,,,,,
C0015,Adira Manda,9306957259,,,,,,
C0016,Elakshi Kuruvilla,9333522768,,,,,,
C0017,Arnav Bahri,6481752187,,,,,,
C0018,Shalv Sabharwal,7646841789,,,,,,
C0019,Darshit Sha,6805600654,,,,,,
C0020,Pari Mangal,6363004380,,,,,,
C0021,Sara Chander,8302452587,,,,,,
C0022,Aarna Chaudhuri,8826771471,,,,,,
C0023,Aarush Chopra,7985418185,,,,,,
C0024,Trisha Solanki,9460075671,,,,,,
C0025,Misha Dora,8607088285,,,,,,
C0026,Arhaan Garde,6596008907,,,,,,
C0027,Keya Chawla,6705640570,,,,,,
C0028,Miraan Badal,8562941015,,,,,,
C0029,Kimaya Golla,8411313864,,,,,,
C0030,Navya Uppal,8990355722,,,,,,
C0031,Lagan Cheema,8616402280,,,,,,
C0032,Nakul Ranganathan,9988535082,,,,,,
C0033,Drishya Sinha,9924632531,,,,,,
C0034,Oorja Sahota,7158047875,,,,,,
C0035,Yakshit Kothari,8353923605,,,,,,
C0036,Ehsaan Rajagopalan,8135190410,,,,,,
C0037,Ivana Chand,7661142738,,,,,,
C0038,Divyansh Bhardwaj,8730365129,,,,,,
C0039,Kanav Bajaj,9604799733,,,,,,
C0040,Shamik Venkatesh,8596888556,,,,,,
C0041,Nitya Roy,9512643577,,,,,,
C0042,Darshit Agarwal,6811495182,,,,,,
C0043,Dhanush Kalla,8435312305,,,,,,
C0044,Samaira Hegde,8568253604,,,,,,
C0045,Zain Talwar,8915839267,,,,,,
C0046,Dishani Sachdev,9398302172,,,,,,
C0047,Prisha Chhabra,6469584921,,,,,,
C0048,Suhana Krish,6604273305,,,,,,
C0049,Yashvi Jha,8391684248,,,,,,
C0050,Ishita Butala,7905304789,,,,,,
C0051,Lavanya Deep,7587813300,,,,,,
C0052,Zain Dara,9575870103,,,,,,
C0053,Lagan Dutt,9518247027,,,,,,
C0054,Jayesh Dhar,6576536236,,,,,,
C0055,Raghav Kara,8682792163,,,,,,
C0056,Mamooty Lal,8430703676,,,,,,
C0057,Indrans Malhotra,6683028322,,,,,,
C0058,Nishith Ranganathan,7251904743,,,,,,
C0059,Anay Mane,6429145152,,,,,,
C0060,Veer Khatri,7516337923,,,,,,
C0061,Taran Rege,6889349063,,,,,,
C0062,Anvi Goswami,8313587541,,,,,,
C0063,Gokul Balan,9149512734,,,,,,
C0064,Ritvik Saxena,8949259415,,,,,,
C0065,Lakshay Wali,9614217775,,,,,,
C0066,Advik Bhasin,9642181116,,,,,,
C0067,Mohanlal Chad,7580687947,,,,,,
C0068,Arnav Ramachandran,8616059066,,,,,,
C0069,Elakshi Buch,7252721322,,,,,,
C0070,Kanav Sur,9920717048,,,,,,
C0071,Ayesha Gola,6862411851,,,,,,
C0072,Nitya Kannan,6986321258,,,,,,
C0073,Miraan Kumer,8323779749,,,,,,
C0074,Prerak Keer,9107062758,,,,,,
C0075,Anahita Date,6182608411,,,,,,
C0076,Aarav Sama,7913120339,,,,,,
C0077,Jayesh Raja,8470296378,,,,,,
C0078,Urvi Gala,9796524938,,,,,,
C0079,Badal Bajaj,9455578838,,,,,,
C0080,Mishti Raju,6548905542,,,,,,
C0081,Manikya Bali,7606419525,,,,,,
C0082,Yuvraj  Kanda,9684959955,,,,,,
C0083,Sumer Ramaswamy,9613714976,,,,,,
C0084,Ishaan Vig,9417272047,,,,,,
C0085,Krish Dubey,8995610195,,,,,,
C0086,Keya Bali,6960414005,,,,,,
C0087,Ira Lata,6805349678,,,,,,
C0088,Saanvi Choudhry,7665821649,,,,,,
C0089,Anay Buch,8453924761,,,,,,
C0090,Ehsaan Bajwa,8906554314,,,,,,
C0091,Vivaan Gokhale,6881342256,,,,,,
C0092,Raunak Das,9315403129,,,,,,
C0093,Ahana  Badami,9886316493,,,,,,
C0094,Rohan Viswanathan,8697796525,,,,,,
C0095,Zeeshan Kaur,6322941275,,,,,,
C0096,Nitya Keer,7359144395,,,,,,
C0097,Hansh Gandhi,8221598759,,,,,,
C0098,Trisha Gala,8919783618,,,,,,
C0099,Tejas Singh,6780608809,,,,,,
C0100,Shaan Master,8458580592,,,,,,
C0101,Vardaniya Rout,6725657580,,,,,,
C0102,Darshit Sule,7197271436,,,,,,
C0103,Mahika Bora,8789568433,,,,,,
C0104,Elakshi Buch,7396693300,,,,,,
C0105,Ela Sawhney,8822905647,,,,,,
C0106,Ela Zacharia,6304667277,,,,,,
C0107,Lagan Kurian,7851023836,,,,,,
C0108,Nayantara Chakraborty,6638970767,,,,,,
C0109,Darshit Behl,6348350274,,,,,,
C0110,Anay Vora,6118238504,,,,,,
C0111,Samarth Gupta,9153395959,,,,,,
C0112,Mamooty Vora,7649561384,,,,,,
C0113,Prisha Krishnamurthy,9761695732,,,,,,
C0114,Lagan Thaman,9613285113,,,,,,
C0115,Zain Balan,7927628468,,,,,,
C0116,Mannat Suresh,6101210589,,,,,,
C0117,Anya Datta,9899921246,,,,,,
C0118,Lakshit Vala,7377595664,,,,,,
C0119,Aarav Kata,6848092200,,,,,,
C0120,Advika Vora,8201931463,,,,,,
C0121,Hazel Chad,7852813986,,,,,,
C0122,Riya Shroff,6209074964,,,,,,
C0123,Prerak Virk,9248287944,,,,,,
C0124,Emir Lata,8364174240,,,,,,
C0125,Anay Bains,9327815670,,,,,,
C0126,Aayush Srinivasan,8350872183,,,,,,
C0127,Kiaan Balasubramanian,9949923334,,,,,,
C0128,Divij Sur,8434300416,,,,,,
C0129,Jayan Tara,6320302624,,,,,,
C0130,Yakshit Sagar,8381657526,,,,,,
C0131,Nayantara Madan,8320789643,,,,,,
C0132,Nitya Hans,7973224084,,,,,,
C0133,Jivika Balasubramanian,7137436830,,,,,,
C0134,Tarini Borde,6650346748,,,,,,
C0135,Anaya Tella,8914990984,,,,,,
C0136,Nitara Borra,6701388377,,,,,,
C0137,Anvi Khosla,7282955376,,,,,,
C0138,Seher Chacko,6654454567,,,,,,
C0139,Nakul Sani,6394759535,,,,,,
C0140,Anvi Shenoy,8251837348,,,,,,
C0141,Indrajit Kala,7527292495,,,,,,
C0142,Nirvi Dayal,9869010484,,,,,,
C0143,Nishith Deshpande,7886045248,,,,,,
C0144,Urvi Mall,9555519935,,,,,,
C0145,Ahana  Cherian,9948896524,,,,,,
C0146,Lakshit Rajan,7275864470,,,,,,
C0147,Shayak Hayer,8853018099,,,,,,
C0148,Anika Rajan,6168326753,,,,,,
C0149,Vaibhav Thakur,7562268248,,,,,,
C0150,Ishita Tank,9148278876,,,,,,
C0151,Vedika Shere,7924429660,,,,,,
C0152,Sumer Barad,6277424407,,,,,,
C0153,Khushi Mangat,9604849984,,,,,,
C0154,Mamooty Bains,6326751718,,,,,,
C0155,Damini Ratti,7316364375,,,,,,
C0156,Tanya Deo,8155397005,,,,,,
C0157,Vardaniya Date,9517106593,,,,,,
C0158,Ishaan Dube,7334112796,,,,,,
C0159,Damini Verma,7606127950,,,,,,
C0160,Myra Comar,6892574272,,,,,,
C0161,Fateh Walla,7689273142,,,,,,
C0162,Nitya Kara,6399475918,,,,,,
C0163,Myra Agarwal,9861204842,,,,,,
C0164,Keya Saini,9633076042,,,,,,
C0165,Reyansh Iyer,8907391784,,,,,,
C0166,Tejas Banerjee,6821826990,,,,,,
C0167,Kartik Kant,8121525668,,,,,,
C0168,Chirag Kar,9587091647,,,,,,
C0169,Nitara Contractor,6792449847,,,,,,
C0170,Kashvi Ramachandran,7173880136,,,,,,
C0171,Ahana  Madan,6946923088,,,,,,
C0172,Aayush Tailor,9173087811,,,,,,
C0173,Dhanush Khalsa,9932695310,,,,,,
C0174,Darshit Subramanian,6542395840,,,,,,
C0175,Parinaaz Solanki,7182626500,,,,,,
C0176,Vedika Bakshi,8622667122,,,,,,
C0177,Bhavin Samra,9856059090,,,,,,
C0178,Aarna Borah,6599650497,,,,,,
C0179,Reyansh Bumb,8394094334,,,,,,
C0180,Tushar Yadav,9330283265,,,,,,
C0181,Indrans Bava,6734047110,,,,,,
C0182,Aaryahi Brar,7601011053,,,,,,
C0183,Kaira Doshi,9657071998,,,,,,
C0184,Renee Mahajan,7676115837,,,,,,
C0185,Shaan Ahuja,7759281400,,,,,,
C0186,Rohan Tiwari,9883006821,,,,,,
C0187,Eva Sachdev,6559248275,,,,,,
C0188,Taimur Bajaj,8521526936,,,,,,
C0189,Ranbir Choudhary,8145138866,,,,,,
C0190,Riaan Dass,8341824572,,,,,,
C0191,Neysa Mane,9595260666,,,,,,
C0192,Zoya Walia,6734330514,,,,,,
C0193,Ishaan Chacko,8919162694,,,,,,
C0194,Shalv Balakrishnan,6183822050,,,,,,
C0195,Zain Biswas,9182012650,,,,,,
C0196,Ela Barman,9764355195,,,,,,
C0197,Jivika Sabharwal,8378363344,,,,,,
C0198,Anahi Batta,8723184673,,,,,,
C0199,Zara Wable,8302311949,,,,,,
C0200,Vihaan Doshi,6481387818,,,,,,
C0201,Adah Shan,8585909936,,,,,,
C0202,Drishya Sabharwal,8802355350,,,,,,
C0203,Dhanuk Goel,7731813611,,,,,,
C0204,Yuvaan Rao,8804457716,,,,,,
C0205,Lakshay Shankar,9154929442,,,,,,
C0206,Shamik Suri,8900502569,,,,,,
C0207,Diya Kaur,6989093114,,,,,,
C0208,Ishita Keer,9510713636,,,,,,
C0209,Vedika Sahni,8790693915,,,,,,
C0210,Kavya Badal,6704344016,,,,,,
C0211,Kismat Madan,7932269631,,,,,,
C0212,Jayesh Bhasin,8240859098,,,,,,
C0213,Inaaya  Suresh,7754978568,,,,,,
C0214,Zara Doctor,9898787338,,,,,,
C0215,Renee Bhatnagar,8416639519,,,,,,
C0216,Kaira Subramanian,6976122084,,,,,,
C0217,Jayesh Rege,7828226329,,,,,,
C0218,Shayak Zachariah,9841212865,,,,,,
C0219,Mannat Choudhary,7640087791,,,,,,
C0220,Romil Kala,7516174041,,,,,,
C0221,Madhav Dora,9562832516,,,,,,
C0222,Aradhya Buch,8234396206,,,,,,
C0223,Yuvraj  Barad,6684198767,,,,,,
C0224,Krish Bhattacharyya,6260942844,,,,,,
C0225,Manjari Banerjee,6828688092,,,,,,
C0226,Prerak Dada,6187102964,,,,,,
C0227,Mishti Chand,8389609738,,,,,,
C0228,Ira Lall,6617620492,,,,,,
C0229,Saksham Goda,7559251872,,,,,,
C0230,Yasmin Sarma,7342973582,,,,,,
C0231,Samar Khosla,6949395419,,,,,,
C0232,Dishani Uppal,7895604826,,,,,,
C0233,Baiju Bakshi,8304387325,,,,,,
C0234,Yuvaan Chawla,6693129424,,,,,,
C0235,Jivin Kale,6405525473,,,,,,
C0236,Nehmat Garg,7861427016,,,,,,
C0237,Vaibhav Dani,8603464453,,,,,,
C0238,Nehmat Deol,6509566639,,,,,,
C0239,Parinaaz Baral,9452860330,,,,,,
C0240,Alisha Manne,9225641807,,,,,,
C0241,Tara Grover,7390362892,,,,,,
C0242,Azad Bansal,8766063879,,,,,,
C0243,Sahil Tank,6975733061,,,,,,
C0244,Armaan Handa,6756438980,,,,,,
C0245,Anahita Kala,7161662258,,,,,,
C0246,Neelofar Jhaveri,9455875819,,,,,,
C0247,Damini Chopra,7420104698,,,,,,
C0248,Sana Sathe,6844718577,,,,,,
C0249,Tejas Wagle,8702788264,,,,,,
C0250,Vaibhav Master,9877656481,,,,,,
C0251,Nehmat Kade,7982276692,,,,,,
C0252,Vritika Malhotra,6993453328,,,,,,
C0253,Kaira Luthra,8217545883,,,,,,
C0254,Chirag Sinha,6961737107,,,,,,
C0255,Raunak Kohli,6563379434,,,,,,
C0256,Anay Sankaran,9885364805,,,,,,
C0257,Purab Shenoy,6620932033,,,,,,
C0258,Purab Gupta,6295894902,,,,,,
C0259,Lakshay Bassi,8457531808,,,,,,
C0260,Shaan Saxena,6885581687,,,,,,
C0261,Jayesh Ratta,6432971312,,,,,,
C0262,Romil Badami,7226975881,,,,,,
C0263,Anahi Lala,6169056180,,,,,,
C0264,Anahita Rout,8345977071,,,,,,
C0265,Devansh Chad,9285463328,,,,,,
C0266,Oorja Bhattacharyya,8211762460,,,,,,
C0267,Kartik Keer,8940958290,,,,,,
C0268,Mohanlal Chaudhry,9995635778,,,,,,
C0269,Mannat Lall,6148866054,,,,,,
C0270,Aarav Rao,7124996150,,,,,,
C0271,Nehmat Ravi,7601357931,,,,,,
C0272,Riya Badal,8559879107,,,,,,
C0273,Anahita Bava,9580903018,,,,,,
C0274,Hansh Borde,8827493556,,,,,,
C0275,Stuvan Uppal,8400410486,,,,,,
C0276,Anahita Dave,7428327527,,,,,,
C0277,Kartik Bains,8943915438,,,,,,
C0278,Shanaya Mangal,6342949383,,,,,,
C0279,Vritika Kala,9848919404,,,,,,
C0280,Ivana Kulkarni,9117995226,,,,,,
C0281,Krish Wadhwa,6441944272,,,,,,
C0282,Seher Bahl,9254202074,,,,,,
C0283,Kimaya Baral,8170602019,,,,,,
C0284,Darshit Dugar,8648956075,,,,,,
C0285,Shamik Majumdar,6304659983,,,,,,
C0286,Navya Dugar,9846843794,,,,,,
C0287,Aradhya Shroff,9467016331,,,,,,
C0288,Baiju Saini,6498839824,,,,,,
C0289,Kanav Deol,8420354192,,,,,,
C0290,Hunar Mahajan,6389805010,,,,,,
C0291,Aniruddh Bahl,6658552598,,,,,,
C0292,Drishya Kara,7562781449,,,,,,
C0293,Farhan Das,8668284549,,,,,,
C0294,Ela Vyas,8544627820,,,,,,
C0295,Zoya Swaminathan,7683937824,,,,,,
C0296,Zara Trivedi,6165314629,,,,,,
C0297,Ivan Vig,6844749617,,,,,,
C0298,Manjari Dhar,6267328674,,,,,,
C0299,Nakul Garg,8145780677,,,,,,
C0300,Hazel Boase,9341682876,,,,,,
C0301,Aniruddh Dyal,9644595407,,,,,,
C0302,Kanav Babu,9243504087,,,,,,
C0303,Vedika Shenoy,8297429280,,,,,,
C0304,Baiju Srinivasan,6253663597,,,,,,
C0305,Jiya Shenoy,6172726343,,,,,,
C0306,Seher Sandhu,8887573486,,,,,,
C0307,Anika Hora,7546538987,,,,,,
C0308,Vardaniya Sachdeva,6920860639,,,,,,
C0309,Nitara Varughese,7306114822,,,,,,
C0310,Indrajit Arora,8902838514,,,,,,
C0311,Stuvan Andra,9403227154,,,,,,
C0312,Nitara Varghese,8884965751,,,,,,
C0313,Samiha Borra,6261313747,,,,,,
C0314,Aniruddh Gole,8460787135,,,,,,
C0315,Prerak Konda,7870373276,,,,,,
C0316,Manikya Johal,6548315897,,,,,,
C0317,Dhanush Dhillon,7547432673,,,,,,
C0318,Eshani Bhavsar,9498424917,,,,,,
C0319,Vritika Jain,6127576725,,,,,,
C0320,Jayan Walla,8487510278,,,,,,
C0321,Mehul Sama,6804374503,,,,,,
C0322,Purab Swamy,8919267693,,,,,,
C0323,Vidur Kuruvilla,6822690889,,,,,,
C0324,Aniruddh Virk,6733105069,,,,,,
C0325,Mohanlal Agrawal,9105220476,,,,,,
C0326,Jayant Sur,9171765588,,,,,,
C0327,Anvi Dhar,7997311150,,,,,,
C0328,Madhup Ghosh,8820650530,,,,,,
C0329,Ela Tailor,8951939270,,,,,,
C0330,Gokul Kuruvilla,6792194728,,,,,,
C0331,Abram Kashyap,8763273679,,,,,,
C0332,Dishani Datta,9123668905,,,,,,
C0333,Taran Sant,9889068771,,,,,,
C0334,Taimur Kumer,9403367891,,,,,,
C0335,Divit Deshpande,6442979498,,,,,,
C0336,Aarav Sane,8208766857,,,,,,
C0337,Romil Gulati,7315361387,,,,,,
C0338,Nitara Mand,7400199919,,,,,,
C0339,Heer Kumer,7945016439,,,,,,
C0340,Mehul Kala,6476551220,,,,,,
C0341,Tanya Bhatnagar,9913996116,,,,,,
C0342,Nehmat Sampath,9842116095,,,,,,
C0343,Aarush Mahajan,7462229780,,,,,,
C0344,Hiran Deep,6895215157,,,,,,
C0345,Khushi Batra,7676189263,,,,,,
C0346,Aaina Lal,7687005941,,,,,,
C0347,Drishya Dutt,6124014134,,,,,,
C0348,Alisha Sibal,6596912445,,,,,,
C0349,Aarush Dubey,6304447389,,,,,,
C0350,Samiha Sengupta,9480562114,,,,,,
C0351,Siya Vig,9652233217,,,,,,
C0352,Lakshay Vig,8200672630,,,,,,
C0353,Ojas Reddy,9331680575,,,,,,
C0354,Lakshay Chanda,7676284672,,,,,,
C0355,Kabir Thakur,9995693449,,,,,,
C0356,Vanya Upadhyay,8629170515,,,,,,
C0357,Jivin Ben,8633111026,,,,,,
C0358,Dhanuk Tank,8913347579,,,,,,
C0359,Kimaya Srinivasan,7752615835,,,,,,
C0360,Taimur Bakshi,6594610218,,,,,,
C0361,Siya Dubey,7599459513,,,,,,
C0362,Dharmajan Wagle,8453514200,,,,,,
C0363,Madhup Devi,8990016611,,,,,,
C0364,Biju Sundaram,8744609049,,,,,,
C0365,Parinaaz Sunder,8367424662,,,,,,
C0366,Yakshit Dixit,9676743821,,,,,,
C0367,Jivika Raja,9137314649,,,,,,
C0368,Drishya Kashyap,9699747707,,,,,,
C0369,Tanya Dhingra,7710578686,,,,,,
C0370,Vedika Chaudhary,8283379293,,,,,,
C0371,Tarini Tiwari,9930260051,,,,,,
C0372,Ahana  Lalla,8445671945,,,,,,
C0373,Saanvi Karnik,9237279503,,,,,,
C0374,Mannat Apte,8180791226,,,,,,
C0375,Aarush Banik,7528849760,,,,,,
C0376,Mehul Varkey,6231847325,,,,,,
C0377,Tushar Hayer,9121952629,,,,,,
C0378,Suhana Rao,8558924643,,,,,,
C0379,Krish Goel,9776959123,,,,,,
C0380,Inaaya  Mann,7772892068,,,,,,
C0381,Vihaan Tak,6875584659,,,,,,
C0382,Eva Koshy,9348313479,,,,,,
C0383,Drishya Vyas,8246915189,,,,,,
C0384,Tejas Krishnan,9999833338,,,,,,
C0385,Pari Ramachandran,8563817083,,,,,,
C0386,Tushar De,7588993775,,,,,,
C0387,Tarini Gade,7583848879,,,,,,
C0388,Anya Sarraf,6549483356,,,,,,
C0389,Piya Ramanathan,6686996424,,,,,,
C0390,Vardaniya Barad,6247880702,,,,,,
C0391,Aarush Subramanian,8590101571,,,,,,
C0392,Ela Rajan,7833020233,,,,,,
C0393,Kismat Kanda,6683620430,,,,,,
C0394,Neelofar Bail,6485745473,,,,,,
C0395,Alisha Yogi,6534996913,,,,,,
C0396,Samaira Solanki,7891794403,,,,,,
C0397,Badal Dayal,9630072894,,,,,,
C0398,Ivan Sama,7119577528,,,,,,
C0399,Vaibhav Balakrishnan,6184143920,,,,,,
C0400,Ivana Shetty,6998501279,,,,,,
C0401,Lagan Sehgal,6445198912,,,,,,
C0402,Dharmajan Bawa,7312112123,,,,,,
C0403,Trisha Suri,7964635347,,,,,,
C0404,Kiara Varughese,8559102313,,,,,,
C0405,Anahi Karan,9249635166,,,,,,
C0406,Jhanvi Ganguly,8179404443,,,,,,
C0407,Aradhya Jain,7445289468,,,,,,
C0408,Pranay Shenoy,8988242631,,,,,,
C0409,Ojas Reddy,8734461255,,,,,,
C0410,Shaan Bose,7121586414,,,,,,
C0411,Advik Chaudhry,6519323719,,,,,,
C0412,Anaya Arora,7280697311,,,,,,
C0413,Jayant Roy,9439423650,,,,,,
C0414,Arhaan Mahajan,8654923538,,,,,,
C0415,Ojas Rout,9972775300,,,,,,
C0416,Darshit Mandal,7869189540,,,,,,
C0417,Ela Kaul,6947763324,,,,,,
C0418,Jivika Goswami,8191094105,,,,,,
C0419,Oorja Reddy,6491939684,,,,,,
C0420,Siya Boase,7639158619,,,,,,
C0421,Vanya Andra,8808934945,,,,,,
C0422,Tarini Bhatnagar,6727067027,,,,,,
C0423,Ela Sura,6331367800,,,,,,
C0424,Vanya Arya,6670854057,,,,,,
C0425,Neelofar Issac,8555490830,,,,,,
C0426,Zeeshan Gour,8622344998,,,,,,
C0427,Kiaan Ratti,9328547008,,,,,,
C0428,Raunak Ganesh,7380032262,,,,,,
C0429,Rania Subramaniam,6879503415,,,,,,
C0430,Advik Chanda,7996798787,,,,,,
C0431,Aaryahi Mani,8293825332,,,,,,
C0432,Kiaan Walia,6551325894,,,,,,
C0433,Sumer Sridhar,9438229627,,,,,,
C0434,Urvi Koshy,8467685883,,,,,,
C0435,Hunar Mallick,6546073677,,,,,,
C0436,Keya Swaminathan,7664242956,,,,,,
C0437,Seher Varty,9947893816,,,,,,
C0438,Yashvi Anne,9928234281,,,,,,
C0439,Jayesh Chadha,6608151244,,,,,,
C0440,Armaan Trivedi,6176352714,,,,,,
C0441,Miraya Saraf,8626077704,,,,,,
C0442,Nirvaan Dube,9321587443,,,,,,
C0443,Hridaan Dâ€™Alia,9757760129,,,,,,
C0444,Inaaya  Jha,7551273785,,,,,,
C0445,Arnav Char,6739437706,,,,,,
C0446,Rati Bains,9479946932,,,,,,
C0447,Kanav Warrior,7738247205,,,,,,
C0448,Sahil Mander,7312932385,,,,,,
C0449,Ranbir Sastry,8869378460,,,,,,
C0450,Neysa Sahni,7324609133,,,,,,
C0451,Jiya Bajwa,8643935377,,,,,,
C0452,Vardaniya Kannan,7434108504,,,,,,
C0453,Pranay Toor,9953164313,,,,,,
C0454,Adah Khurana,6681846035,,,,,,
C0455,Mahika Kamdar,9784068479,,,,,,
C0456,Aaina Jaggi,8470234569,,,,,,
C0457,Nehmat Karan,7692170908,,,,,,
C0458,Keya Bhatti,9341070392,,,,,,
C0459,Dharmajan Jayaraman,7228956478,,,,,,
C0460,Nitara Bhatia,9370407155,,,,,,
C0461,Nehmat Malhotra,7815005702,,,,,,
C0462,Raunak Deshmukh,9961854748,,,,,,
C0463,Yasmin Trivedi,8517947392,,,,,,
C0464,Indrans Balakrishnan,7996817509,,,,,,
C0465,Tejas Ghose,6897600882,,,,,,
C0466,Mehul Thaker,9213765894,,,,,,
C0467,Shaan Buch,9971154036,,,,,,
C0468,Kabir Tailor,8561704197,,,,,,
C0469,Jhanvi Chokshi,9945575575,,,,,,
C0470,Kanav Kulkarni,9608978674,,,,,,
C0471,Zain Agate,8583499608,,,,,,
C0472,Hunar Dhaliwal,7591091655,,,,,,
C0473,Miraya Wali,6822587384,,,,,,
C0474,Vaibhav Sarkar,7920318755,,,,,,
C0475,Elakshi Kala,7148147996,,,,,,
C0476,Piya Sachar,6603245743,,,,,,
C0477,Baiju Chacko,6184182008,,,,,,
C0478,Akarsh Dube,9132436450,,,,,,
C0479,Kanav Rattan,9661134653,,,,,,
C0480,Shamik Malhotra,6981568282,,,,,,
C0481,Hansh Bath,7955387210,,,,,,
C0482,Anay Mannan,7896837780,,,,,,
C0483,Divit Chauhan,7177988170,,,,,,
C0484,Shayak Bhardwaj,8420217028,,,,,,
C0485,Keya Sane,9384929707,,,,,,
C0486,Yakshit Joshi,7589972417,,,,,,
C0487,Suhana Babu,8591332176,,,,,,
C0488,Dhanush Saran,9720468163,,,,,,
C0489,Akarsh Bera,9579260677,,,,,,
C0490,Priyansh Anand,6501663707,,,,,,
C0491,Neysa Sunder,7929800453,,,,,,
C0492,Aniruddh Rau,6415770848,,,,,,
C0493,Ritvik Bora,8181110096,,,,,,
C0494,Vidur Bir,9587527013,,,,,,
C0495,Tushar Dhingra,6893804106,,,,,,
C0496,Seher Chatterjee,9285946928,,,,,,
C0497,Aayush Kala,8913294437,,,,,,
C0498,Ryan Suresh,7951274753,,,,,,
C0499,Divyansh Chand,7777560694,,,,,,
C0500,Sumer Mangal,6710787986,,,,,,
C0501,Aarav Sharma ,9762125775,,,,,,
C0502,Riya Verma ,9708602379,,,,,,
C0503,Vihaan Gupta ,6209782877,,,,,,
C0504,Ananya Iyer ,9408085733,,,,,,
C0505,Kabir Choudhary ,7147736214,,,,,,
C0506,Meera Nair ,6973752559,,,,,,
C0507,Advik Mehta ,6600908314,,,,,,
C0508,Ishika Malhotra ,6123396066,,,,,,
C0509,Dhruv Joshi ,6936984389,,,,,,
C0510,Tanya Kapoor ,6605699396,,,,,,
C0511,Arjun Singh ,8162302906,,,,,,
C0512,Saanvi Mishra ,8302309739,,,,,,
C0513,Rudra Tiwari ,7668856741,,,,,,
C0514,Prisha Reddy ,9998719839,,,,,,
C0515,Kunal Saxena ,7395619244,,,,,,
C0516,Jhanvi Thakur ,6713499073,,,,,,
C0517,Naman Bhatia ,9334790477,,,,,,
C0518,Aditi Chauhan ,8810296198,,,,,,
C0519,Reyansh Goel ,7652636351,,,,,,
C0520,Kiara Yadav ,8370503656,,,,,,
C0521,Aarav Sharma ,8283721907,,,,,,
C0522,Riya Verma ,8863213162,,,,,,
C0523,Vihaan Gupta ,9760091714,,,,,,
C0524,Ananya Iyer ,6623405253,,,,,,
C0525,Kabir Choudhary ,8582762149,,,,,,
C0526,Meera Nair ,8380429594,,,,,,
C0527,Advik Mehta ,6679409589,,,,,,
C0528,Ishika Malhotra ,6337951908,,,,,,
C0529,Dhruv Joshi ,9800442155,,,,,,
C0530,Tanya Kapoor ,6771259412,,,,,,
C0531,Arjun Singh ,8743662425,,,,,,
C0532,Saanvi Mishra ,7948978514,,,,,,
C0533,Rudra Tiwari ,6144103180,,,,,,
C0534,Prisha Reddy ,6662948466,,,,,,
C0535,Kunal Saxena ,8576112765,,,,,,
C0536,Jhanvi Thakur ,6920050983,,,,,,
C0537,Naman Bhatia ,7801174700,,,,,,
C0538,Aditi Chauhan ,9315967143,,,,,,
C0539,Reyansh Goel ,7643290104,,,,,,
C0540,Kiara Yadav ,6920266334,,,,,,
C0541,Aarav Sharma ,7407755428,,,,,,
C0542,Riya Verma ,8263300685,,,,,,
C0543,Vihaan Gupta ,8292094564,,,,,,
C0544,Ananya Iyer ,9909125925,,,,,,
C0545,Kabir Choudhary ,6474061982,,,,,,
C0546,Meera Nair ,8500098199,,,,,,
C0547,Advik Mehta ,7735189853,,,,,,
C0548,Ishika Malhotra ,9924180638,,,,,,
C0549,Dhruv Joshi ,6551490364,,,,,,
C0550,Tanya Kapoor ,7269357155,,,,,,
C0551,Arjun Singh ,9228942319,,,,,,
C0552,Saanvi Mishra ,8168122464,,,,,,
C0553,Rudra Tiwari ,8452471746,,,,,,
C0554,Prisha Reddy ,6727785514,,,,,,
C0555,Kunal Saxena ,7418829382,,,,,,
C0556,Jhanvi Thakur ,7724606614,,,,,,
C0557,Naman Bhatia ,8991801892,,,,,,
C0558,Aditi Chauhan ,7454653420,,,,,,
C0559,Reyansh Goel ,8566747653,,,,,,
C0560,Kiara Yadav ,6974558779,,,,,,
C0561,Aarav Sharma ,8880352684,,,,,,
C0562,Riya Verma ,9836027327,,,,,,
C0563,Vihaan Gupta ,6152644121,,,,,,
C0564,Ananya Iyer ,9682116347,,,,,,
C0565,Kabir Choudhary ,8554154241,,,,,,
C0566,Meera Nair ,7874740946,,,,,,
C0567,Advik Mehta ,8575490421,,,,,,
C0568,Ishika Malhotra ,8246580635,,,,,,
C0569,Dhruv Joshi ,8541132369,,,,,,
C0570,Tanya Kapoor ,9952778065,,,,,,
C0571,Arjun Singh ,9283817091,,,,,,
C0572,Saanvi Mishra ,8657979636,,,,,,
C0573,Rudra Tiwari ,9248693993,,,,,,
C0574,Prisha Reddy ,6344203040,,,,,,
C0575,Kunal Saxena ,6870347114,,,,,,
C0576,Jhanvi Thakur ,7606487207,,,,,,
C0577,Naman Bhatia ,6261459991,,,,,,
C0578,Aditi Chauhan ,6254448985,,,,,,
C0579,Reyansh Goel ,9770907976,,,,,,
C0580,Kiara Yadav ,7210496817,,,,,,
C0581,Aarav Sharma ,8940936013,,,,,,
C0582,Riya Verma ,9426165278,,,,,,
C0583,Vihaan Gupta ,8950202244,,,,,,
C0584,Ananya Iyer ,9667097146,,,,,,
C0585,Kabir Choudhary ,8307867528,,,,,,
C0586,Meera Nair ,7470694676,,,,,,
C0587,Advik Mehta ,6387783396,,,,,,
C0588,Ishika Malhotra ,8353151891,,,,,,
C0589,Dhruv Joshi ,7419598950,,,,,,
C0590,Tanya Kapoor ,9828035771,,,,,,
C0591,Arjun Singh ,6369135332,,,,,,
C0592,Saanvi Mishra ,9361328664,,,,,,
C0593,Rudra Tiwari ,9648409832,,,,,,
C0594,Prisha Reddy ,9766056903,,,,,,
C0595,Kunal Saxena ,6668966930,,,,,,
C0596,Jhanvi Thakur ,7669357218,,,,,,
C0597,Naman Bhatia ,9209245433,,,,,,
C0598,Aditi Chauhan ,7783604911,,,,,,
C0599,Reyansh Goel ,6453108946,,,,,,
C0600,Kiara Yadav ,7714040480,,,,,,
C0601,Aarav Sharma ,7388199619,,,,,,
C0602,Riya Verma ,6642276154,,,,,,
C0603,Vihaan Gupta ,8484058713,,,,,,
C0604,Ananya Iyer ,7302787592,,,,,,
C0605,Kabir Choudhary ,7720290904,,,,,,
C0606,Meera Nair ,7330940346,,,,,,
C0607,Advik Mehta ,9311259459,,,,,,
C0608,Ishika Malhotra ,8414878343,,,,,,
C0609,Dhruv Joshi ,9975997418,,,,,,
C0610,Tanya Kapoor ,6424994834,,,,,,
C0611,Arjun Singh ,9596778413,,,,,,
C0612,Saanvi Mishra ,6430202306,,,,,,
C0613,Rudra Tiwari ,9878080584,,,,,,
C0614,Prisha Reddy ,9965658117,,,,,,
C0615,Kunal Saxena ,8471021188,,,,,,
C0616,Jhanvi Thakur ,9823240688,,,,,,
C0617,Naman Bhatia ,8569892308,,,,,,
C0618,Aditi Chauhan ,9616832371,,,,,,
C0619,Reyansh Goel ,6340379950,,,,,,
C0620,Kiara Yadav ,6739803840,,,,,,
C0621,Aarav Sharma ,8169464834,,,,,,
C0622,Riya Verma ,7801215751,,,,,,
C0623,Vihaan Gupta ,6309705630,,,,,,
C0624,Ananya Iyer ,6875090341,,,,,,
C0625,Kabir Choudhary ,9590575891,,,,,,
C0626,Meera Nair ,9251694275,,,,,,
C0627,Advik Mehta ,8508042670,,,,,,
C0628,Ishika Malhotra ,9720475447,,,,,,
C0629,Dhruv Joshi ,7618983786,,,,,,
C0630,Tanya Kapoor ,9565637102,,,,,,
C0631,Arjun Singh ,7157558847,,,,,,
C0632,Saanvi Mishra ,8960576493,,,,,,
C0633,Rudra Tiwari ,9945981739,,,,,,
C0634,Prisha Reddy ,6526794279,,,,,,
C0635,Kunal Saxena ,7261061247,,,,,,
C0636,Jhanvi Thakur ,9368746354,,,,,,
C0637,Naman Bhatia ,8638952344,,,,,,
C0638,Aditi Chauhan ,6213864381,,,,,,
C0639,Reyansh Goel ,9481715280,,,,,,
C0640,Kiara Yadav ,9167579288,,,,,,
C0641,Aarav Sharma ,6746815381,,,,,,
C0642,Riya Verma ,6789027927,,,,,,
C0643,Vihaan Gupta ,9419807855,,,,,,
C0644,Ananya Iyer ,8244250912,,,,,,
C0645,Kabir Choudhary ,7846472984,,,,,,
C0646,Meera Nair ,9844869426,,,,,,
C0647,Advik Mehta ,8102877887,,,,,,
C0648,Ishika Malhotra ,7782573509,,,,,,
C0649,Dhruv Joshi ,7181683687,,,,,,
C0650,Tanya Kapoor ,9205616452,,,,,,
C0651,Arjun Singh ,7457066935,,,,,,
C0652,Saanvi Mishra ,6206269802,,,,,,
C0653,Rudra Tiwari ,9852553303,,,,,,
C0654,Prisha Reddy ,7667606952,,,,,,
C0655,Kunal Saxena ,8140810775,,,,,,
C0656,Jhanvi Thakur ,7170154239,,,,,,
C0657,Naman Bhatia ,8720555140,,,,,,
C0658,Aditi Chauhan ,9814846899,,,,,,
C0659,Reyansh Goel ,9982628865,,,,,,
C0660,Kiara Yadav ,8726154561,,,,,,
C0661,Aarav Sharma ,8620801943,,,,,,
C0662,Riya Verma ,7778513191,,,,,,
C0663,Vihaan Gupta ,6217620205,,,,,,
C0664,Ananya Iyer ,7738075409,,,,,,
C0665,Kabir Choudhary ,9186233470,,,,,,
C0666,Meera Nair ,8938361122,,,,,,
C0667,Advik Mehta ,7439077576,,,,,,
C0668,Ishika Malhotra ,9939285822,,,,,,
C0669,Dhruv Joshi ,7268991320,,,,,,
C0670,Tanya Kapoor ,8665893471,,,,,,
C0671,Arjun Singh ,7153065469,,,,,,
C0672,Saanvi Mishra ,8139163019,,,,,,
C0673,Rudra Tiwari ,9136613014,,,,,,
C0674,Prisha Reddy ,8906863914,,,,,,
C0675,Kunal Saxena ,7661870651,,,,,,
C0676,Jhanvi Thakur ,7813511148,,,,,,
C0677,Naman Bhatia ,9162349852,,,,,,
C0678,Aditi Chauhan ,9353052632,,,,,,
C0679,Reyansh Goel ,7976139370,,,,,,
C0680,Kiara Yadav ,8993248605,,,,,,
C0681,Aarav Sharma ,7152456361,,,,,,
C0682,Riya Verma ,7128348981,,,,,,
C0683,Vihaan Gupta ,7621081937,,,,,,
C0684,Ananya Iyer ,8685715430,,,,,,
C0685,Kabir Choudhary ,9839647186,,,,,,
C0686,Meera Nair ,7750350620,,,,,,
C0687,Advik Mehta ,6906330195,,,,,,
C0688,Ishika Malhotra ,9433778439,,,,,,
C0689,Dhruv Joshi ,9922562922,,,,,,
C0690,Tanya Kapoor ,6246883714,,,,,,
C0691,Arjun Singh ,6624932886,,,,,,
C0692,Saanvi Mishra ,6357610261,,,,,,
C0693,Rudra Tiwari ,8485998330,,,,,,
C0694,Prisha Reddy ,9745928094,,,,,,
C0695,Kunal Saxena ,6992817293,,,,,,
C0696,Jhanvi Thakur ,9547506927,,,,,,
C0697,Naman Bhatia ,7551127279,,,,,,
C0698,Aditi Chauhan ,8265618075,,,,,,
C0699,Reyansh Goel ,7371858828,,,,,,
C0700,Kiara Yadav ,6675048799,,,,,,
C0701,Aarav Sharma ,8454832434,,,,,,
C0702,Riya Verma ,6543628391,,,,,,
C0703,Vihaan Gupta ,6917787736,,,,,,
C0704,Ananya Iyer ,9620406582,,,,,,
C0705,Kabir Choudhary ,8771000023,,,,,,
C0706,Meera Nair ,8988026497,,,,,,
C0707,Advik Mehta ,8564751086,,,,,,
C0708,Ishika Malhotra ,6590095693,,,,,,
C0709,Dhruv Joshi ,6412429981,,,,,,
C0710,Tanya Kapoor ,6444934254,,,,,,
C0711,Arjun Singh ,7740383718,,,,,,
C0712,Saanvi Mishra ,9464151609,,,,,,
C0713,Rudra Tiwari ,6213204783,,,,,,
C0714,Prisha Reddy ,8961764713,,,,,,
C0715,Kunal Saxena ,7822111942,,,,,,
C0716,Jhanvi Thakur ,8527796861,,,,,,
C0717,Naman Bhatia ,9621584661,,,,,,
C0718,Aditi Chauhan ,7595376463,,,,,,
C0719,Reyansh Goel ,6564122557,,,,,,
C0720,Kiara Yadav ,9357148624,,,,,,
C0721,Aarav Sharma ,6522520884,,,,,,
C0722,Riya Verma ,7419605113,,,,,,
C0723,Vihaan Gupta ,8377513280,,,,,,
C0724,Ananya Iyer ,9567221983,,,,,,
C0725,Kabir Choudhary ,8763860359,,,,,,
C0726,Meera Nair ,8476300556,,,,,,
C0727,Advik Mehta ,6348897601,,,,,,
C0728,Ishika Malhotra ,8120285333,,,,,,
C0729,Dhruv Joshi ,8916061212,,,,,,
C0730,Tanya Kapoor ,8731860294,,,,,,
C0731,Arjun Singh ,8187268639,,,,,,
C0732,Saanvi Mishra ,8638007382,,,,,,
C0733,Rudra Tiwari ,8867309836,,,,,,
C0734,Prisha Reddy ,6862121316,,,,,,
C0735,Kunal Saxena ,6984789080,,,,,,
C0736,Jhanvi Thakur ,8212514609,,,,,,
C0737,Naman Bhatia ,8567783689,,,,,,
C0738,Aditi Chauhan ,8251817925,,,,,,
C0739,Reyansh Goel ,9469102856,,,,,,
C0740,Kiara Yadav ,6832291712,,,,,,
C0741,Aarav Sharma ,6586724502,,,,,,
C0742,Riya Verma ,8546630520,,,,,,
C0743,Vihaan Gupta ,9528643744,,,,,,
C0744,Ananya Iyer ,6825264550,,,,,,
C0745,Kabir Choudhary ,6941732357,,,,,,
C0746,Meera Nair ,9852972530,,,,,,
C0747,Advik Mehta ,8828867180,,,,,,
C0748,Ishika Malhotra ,8740818095,,,,,,
C0749,Dhruv Joshi ,7643467547,,,,,,
C0750,Tanya Kapoor ,6310758033,,,,,,
C0751,Arjun Singh ,8409521414,,,,,,
C0752,Saanvi Mishra ,6312644847,,,,,,
C0753,Rudra Tiwari ,7787013610,,,,,,
C0754,Prisha Reddy ,6189739253,,,,,,
C0755,Kunal Saxena ,6359312044,,,,,,
C0756,Jhanvi Thakur ,9200869050,,,,,,
C0757,Naman Bhatia ,9168128697,,,,,,
C0758,Aditi Chauhan ,8549111937,,,,,,
C0759,Reyansh Goel ,7923576107,,,,,,
C0760,Kiara Yadav ,9863916832,,,,,,
C0761,Aarav Sharma ,8412038457,,,,,,
C0762,Riya Verma ,7666950164,,,,,,
C0763,Vihaan Gupta ,7517775514,,,,,,
C0764,Ananya Iyer ,8902939057,,,,,,
C0765,Kabir Choudhary ,7445895672,,,,,,
C0766,Meera Nair ,7412695990,,,,,,
C0767,Advik Mehta ,8941818739,,,,,,
C0768,Ishika Malhotra ,7428812751,,,,,,
C0769,Dhruv Joshi ,7380378894,,,,,,
C0770,Tanya Kapoor ,9967736259,,,,,,
C0771,Arjun Singh ,9894473660,,,,,,
C0772,Saanvi Mishra ,9604615192,,,,,,
C0773,Rudra Tiwari ,9141076637,,,,,,
C0774,Prisha Reddy ,8304511962,,,,,,
C0775,Kunal Saxena ,9600158473,,,,,,
C0776,Jhanvi Thakur ,6217602748,,,,,,
C0777,Naman Bhatia ,9358070832,,,,,,
C0778,Aditi Chauhan ,9203229016,,,,,,
C0779,Reyansh Goel ,8915671900,,,,,,
C0780,Kiara Yadav ,6789761768,,,,,,
C0781,Aarav Sharma ,9238789669,,,,,,
C0782,Riya Verma ,9963078634,,,,,,
C0783,Vihaan Gupta ,9665878505,,,,,,
C0784,Ananya Iyer ,8349218116,,,,,,
C0785,Kabir Choudhary ,6764191361,,,,,,
C0786,Meera Nair ,6344718545,,,,,,
C0787,Advik Mehta ,6630487355,,,,,,
C0788,Ishika Malhotra ,6777833779,,,,,,
C0789,Dhruv Joshi ,7423728922,,,,,,
C0790,Tanya Kapoor ,7270529635,,,,,,
C0791,Arjun Singh ,6811096288,,,,,,
C0792,Saanvi Mishra ,8678110189,,,,,,
C0793,Rudra Tiwari ,6786148920,,,,,,
C0794,Prisha Reddy ,9816932433,,,,,,
C0795,Kunal Saxena ,8952065610,,,,,,
C0796,Jhanvi Thakur ,6587655496,,,,,,
C0797,Naman Bhatia ,8869155039,,,,,,
C0798,Aditi Chauhan ,7483238821,,,,,,
C0799,Reyansh Goel ,8652052371,,,,,,
C0800,Kiara Yadav ,8398536658,,,,,,
C0801,Jyoti Kharb,6925334777,,,,,,
C0802,Sandeep Kharb,7783057637,,,,,,
C0803,Sheenu Gupta,9769646727,,,,,,
C0804,Ranjan Sapra,7254533524,,,,,,
C0805,Pooja Bajaj,7216416173,,,,,,
C0806,Deepika Gullia,7673709599,,,,,,
C0807,Kajal Gaur,9723942265,,,,,,
C0808,Payal Kaur,7512787681,,,,,,
C0809,Ravinder Kochar,9519726035,,,,,,
C0810,Sahil Sharma,6716235878,,,,,,
C0811,Puneet Wason,7820399517,,,,,,
C0812,Myanak Jain,7224236703,,,,,,
C0813,Gaurav Gupta,8493214713,,,,,,
C0814,Paras Sharma,6594888582,,,,,,
C0815,Jatin Aagarwal,8304790963,,,,,,
C0816,Vijay Dhingra,6109309667,,,,,,
C0817,Dharm Singh,7257325830,,,,,,
C0818,Rinku Pandey,6521882536,,,,,,
C0819,Anu Jain,8629912140,,,,,,
C0820,Sandy Gaihi,9834836013,,,,,,
C0821,Gomis Kappor,8283192201,,,,,,
C0822,Manish Aora,8100465408,,,,,,
C0823,Harshit Makul,7276029078,,,,,,
C0824,Simran Gulati,8568480351,,,,,,
C0825,Zayra Jain,7274702380,,,,,,
C0826,Rinku Jain,6510953785,,,,,,
C0827,Manisha Aora,8859917428,,,,,,
C0828,Gautam Arora,7171268097,,,,,,
C0829,Pulkit Dev,6872585826,,,,,,
C0830,Sahiil Lalit,6863154106,,,,,,
C0831,Devanshi Jain,9236257572,,,,,,
C0832,Anil Sharma,7507988844,,,,,,
C0833,Deepka Bisht,8985966333,,,,,,
C0834,Vivek Kharb,6952305276,,,,,,
C0835,Kushi Kharb,6685426520,,,,,,
C0836,Meenu Nair,8319386642,,,,,,
C0837,Devika Spara,8742609018,,,,,,
C0838,Naina Mathur,7615108649,,,,,,
C0839,Dev Nanda,8269979496,,,,,,
C0840,Ashish Jain,8495405116,,,,,,
C0841,Kavita Jain,9446408744,,,,,,
C0842,Payal Jain,8501225804,,,,,,
C0843,Bhumika Arora,7482034915,,,,,,
C0844,Tavi Lmaba,8320923663,,,,,,
C0845,Pulkit Luthra,9764958446,,,,,,
C0846,Hitesh Arora,6699973503,,,,,,
C0847,Dinesh Garg,8850787152,,,,,,
C0848,Usha Bajaj,8352262467,,,,,,
C0849,Tin Dass,6550885331,,,,,,
C0850,Parveen Wahi,9515597155,,,,,,
C0851,Tanuja Negi,8238591789,,,,,,
C0852,Bharat Bhushan,8678030452,,,,,,
C0853,Jai Singh,6702636369,,,,,,
C0854,Nonu Malhotra,9475008831,,,,,,
C0855,Upasna Malik,6296402025,,,,,,
C0856,Nehu Dass,8672989122,,,,,,
C0857,Aanad Singh,7676011414,,,,,,
C0858,Hema Lalit,9201511107,,,,,,
C0859,Dimple Khanna,9310770483,,,,,,
C0860,Sayama Khan,8134065436,,,,,,
C0861,Raziya Safi,8118380447,,,,,,
C0862,Jaspreet Singh,9218257335,,,,,,
C0863,Rupali Tyagi,9464892960,,,,,,
C0864,Ravinder Kaur,8146804833,,,,,,
C0865,Kuljinder Kaur,9916095005,,,,,,
C0866,Ram Singh,6567308443,,,,,,
C0867,Hazel Boase,6250361475,,,,,,
C0868,Arvind Jain,7200322221,,,,,,
C0869,Gaurav Sardana,7683048589,,,,,,
C0870,Rahul Bajaj,7481238715,,,,,,
C0871,Komal Makol,6217808891,,,,,,
C0872,Riya Verma ,9360332086,,,,,,
C0873,Vihaan Gupta ,9564979487,,,,,,
C0874,Ananya Iyer ,6342733065,,,,,,
C0875,Kabir Choudhary ,6856037424,,,,,,
C0876,Jina Grover,6479485272,,,,,,
C0877,Shiv Mahinder,6463980719,,,,,,
C0878,Dharmendra Singh,7356939054,,,,,,
C0879,Gauri Singh,9139336407,,,,,,
C0880,Diksha Sharma,6831463066,,,,,,
C0881,Usha Bajaj,6602749762,,,,,,
C0882,Tin Dass,7622076600,,,,,,
C0883,Parveen Wahi,9174817544,,,,,,
C0884,Tanuja Negi,7419484462,,,,,,
C0885,Bharat Bhushan,9870818814,,,,,,
C0886,Jai Singh,8271171041,,,,,,
C0887,Jagriti Sukhpal,6791403193,,,,,,
C0888,Ajeet singh,9710003656,,,,,,
C0889,Babita Sharma,8490992533,,,,,,
C0890,Ati Jain,7930338296,,,,,,
C0891,Arunima Bhurol,9388870212,,,,,,
C0892,Anusha Jindal,7985366379,,,,,,
C0893,Sahil Gera,7542237439,,,,,,
C0894,Manish Kaopor,8976176866,,,,,,
C0895,Neetu Dey,9861652282,,,,,,
C0896,Anaya Gupta,8616590727,,,,,,
C0897,Kunal Yadav,6520090688,,,,,,
C0898,Meher Singh,8672195620,,,,,,
C0899,Rohan Bhatia,7450714966,,,,,,
C0900,Kiara Deshmukh,7184204822,,,,,,
C0901,Shaurya Iyer,9657299929,,,,,,
C0902,Saanvi Malhotra,6809097421,,,,,,
C0903, Tanya Das,6859838720,,,,,,
C0904,Isha Chatterjee,9285768905,,,,,,
C0905,Hazel Boase,8293201364,,,,,,
C0906,Arvind Jain,8267042868,,,,,,
C0907,Gaurav Sardana,7418310860,,,,,,
C0908,Rahul Bajaj,8991000007,,,,,,
C0909,Komal Makol,6952196235,,,,,,
C0910,Riya Verma ,8459890665,,,,,,
C0911,Vihaan Gupta ,7458581496,,,,,,
C0912,Ananya Iyer ,8957247635,,,,,,
C0913,Kabir Choudhary ,6413058861,,,,,,
C0914,Jina Grover,8195581068,,,,,,
C0915,Shiv Mahinder,9419782131,,,,,,
C0916,Dharmendra Singh,7457621896,,,,,,
C0917,Arunima Bhurol,9875407457,,,,,,
C0918,Anusha Jindal,9273415668,,,,,,
C0919,Sahil Gera,8692555236,,,,,,
C0920,Manish Kaopor,6783210624,,,,,,
C0921,Neetu Dey,7329003066,,,,,,
C0922,Anaya Gupta,9544210836,,,,,,
C0923,Kunal Yadav,8649208528,,,,,,
C0924,Meher Singh,8681328952,,,,,,
C0925,Rohan Bhatia,8394980684,,,,,,
C0926,Kiara Deshmukh,7157635584,,,,,,
C0927,Tavi Lmaba,9470889560,,,,,,
C0928,Pulkit Luthra,6993462434,,,,,,
C0929,Hitesh Arora,7911680405,,,,,,
C0930,Dinesh Garg,6803359743,,,,,,
C0931,Usha Bajaj,6272500602,,,,,,
C0932,Tin Dass,8268436576,,,,,,
C0933,Parveen Wahi,8623635073,,,,,,
C0934,Tanuja Negi,9516598741,,,,,,
C0935,Bharat Bhushan,7517844317,,,,,,
C0936,Jai Singh,9751455387,,,,,,
C0937,Nonu Malhotra,7936249704,,,,,,
C0938,Upasna Malik,6121839351,,,,,,
C0939,Nehu Dass,7135380213,,,,,,
C0940,Prisha Reddy ,6793305587,,,,,,
C0941,Kunal Saxena ,9411356166,,,,,,
C0942,Jhanvi Thakur ,9453615300,,,,,,
C0943,Naman Bhatia ,8739119822,,,,,,
C0944,Aditi Chauhan ,7705241074,,,,,,
C0945,Reyansh Goel ,7197979994,,,,,,
C0946,Kiara Yadav ,7777499425,,,,,,
C0947,Jyoti Kharb,6291723012,,,,,,
C0948,Sandeep Kharb,8970612289,,,,,,
C0949,Sheenu Gupta,9391609566,,,,,,
C0950,Ranjan Sapra,8359504385,,,,,,
C0951,Pooja Bajaj,7154013899,,,,,,
C0952,Deepika Gullia,8641399547,,,,,,
C0953,Kajal Gaur,8554314475,,,,,,
C0954,Rudra Tiwari ,6372083095,,,,,,
C0955,Prisha Reddy ,9164250363,,,,,,
C0956,Kunal Saxena ,8697860668,,,,,,
C0957,Jhanvi Thakur ,6316954640,,,,,,
C0958,Naman Bhatia ,9328616652,,,,,,
C0959,Aditi Chauhan ,9316900466,,,,,,
C0960,Reyansh Goel ,6774423158,,,,,,
C0961,Kiara Yadav ,7482596581,,,,,,
C0962,Aarav Sharma ,7500119057,,,,,,
C0963,Riya Verma ,6421215001,,,,,,
C0964,Vihaan Gupta ,9898249498,,,,,,
C0965,Ananya Iyer ,9163073431,,,,,,
C0966,Kabir Choudhary ,9583304399,,,,,,
C0967,Meera Nair ,8336583864,,,,,,
C0968,Advik Mehta ,9266112252,,,,,,
C0969,Ishika Malhotra ,7112601214,,,,,,
C0970,Dhruv Joshi ,7415106893,,,,,,
C0971,Tanya Kapoor ,7409270360,,,,,,
C0972,Vardaniya Kannan,9737924209,,,,,,
C0973,Pranay Toor,7388061710,,,,,,
C0974,Adah Khurana,6400127240,,,,,,
C0975,Mahika Kamdar,8296309180,,,,,,
C0976,Aaina Jaggi,9472254349,,,,,,
C0977,Nehmat Karan,9703558191,,,,,,
C0978,Keya Bhatti,9553443533,,,,,,
C0979,Dharmajan Jayaraman,6419133862,,,,,,
C0980,Nitara Bhatia,9770938463,,,,,,
C0981,Nehmat Malhotra,9369887254,,,,,,
C0982,Raunak Deshmukh,6838612963,,,,,,
C0983,Yasmin Trivedi,6649676727,,,,,,
C0984,Indrans Balakrishnan,8191423615,,,,,,
C0985,Tejas Ghose,9584633878,,,,,,
C0986,Mehul Thaker,7461521149,,,,,,
C0987,Jayan Walla,9274526657,,,,,,
C0988,Mehul Sama,8230558469,,,,,,
C0989,Purab Swamy,6441493602,,,,,,
C0990,Vidur Kuruvilla,7740716308,,,,,,
C0991,Aniruddh Virk,6932391097,,,,,,
C0992,Mohanlal Agrawal,7168204225,,,,,,
C0993,Jayant Sur,9496507464,,,,,,
C0994,Anvi Dhar,8984109566,,,,,,
C0995,Madhup Ghosh,9321607912,,,,,,
C0996,Ela Tailor,7512691122,,,,,,
C0997,Gokul Kuruvilla,7586042910,,,,,,
C0998,Abram Kashyap,8745845868,,,,,,
C0999,Dishani Datta,9475366133,,,,,,
C1000,Taran Sant,7879974056,,,,,,
